ID,DHI,DNI,WS,RH,T,TARGET
1,0.315650257,0.885087258,3.129166667,-0.563454084,-0.106408725,33.6590139
2,0.075238795,0.756083735,3.06875,-1.030301038,0.317478826,20.74773089
3,0.148714181,0.628092481,1.547916667,-1.190128125,0.411155633,18.26306524
4,0.821307862,0.283799652,3.020833333,-0.218048953,1.308111059,21.07271839
5,0.174577517,0.59286553,2.05625,0.286934313,-0.312497701,16.07696331
6,0.693901543,0.473984694,1.3625,1.346909048,0.619586528,25.4175047
7,0.441734019,0.288780014,3.060416667,0.748102054,0.755417898,14.67765581
8,0.113592946,0.855488521,1.13125,-1.823368272,1.087970563,27.0398211
9,0.550183688,0.726323035,2.354166667,-1.54578696,1.71794709,32.11427793
10,0.126083762,0.002793862,2.4875,1.614283333,-1.038492954,3.186882118
11,0.093607641,0.418066972,2.770833333,0.036784383,-1.150905123,9.812626919
12,0.799853049,0.257318703,1.679166667,0.830085009,1.275324177,19.55595972
13,0.503894195,0.538486456,1.535416667,-0.308605188,0.057525687,23.10203632
14,0.151359295,0.28967081,3.3875,1.221219483,-0.71062413,8.314666458
15,0.498897869,0.363525934,2.14375,0.308064101,1.04815792,17.9320599
16,0.11623806,0.829533951,2.004166667,-1.010493807,1.008345277,25.95334642
17,0.142542248,0.769121756,1.8375,-0.881863498,0.401787952,23.71276455
18,0.833210874,0.326800826,2.108333333,0.844633133,0.769469419,23.91184936
19,0.145334313,0.735392963,2.014583333,-0.514581724,0.891249268,23.10013028
20,0.057898604,0.769000283,1.895833333,-1.920910718,0.668766852,19.92203115
21,0.406465834,0.392881727,3.7125,-0.734281731,0.746050218,16.15155428
22,0.744893461,0.103251407,1.90625,1.104445506,0.952139193,15.24865269
23,0.627332843,0.026602421,2.266666667,1.210639029,1.083286723,10.81719008
24,0.710947832,0.090294368,3.933333333,2.112731613,-0.082989524,14.11056041
25,0.02659809,0.71518808,1.504166667,-1.420346348,-0.413200268,15.36730042
26,0.151212344,0.234077013,2.483333333,0.645004869,-0.040834961,7.31312273
27,0.264511389,0.639753816,3.697916667,0.004545119,-0.356994184,21.31250217
28,0.129757531,0.358748026,4.7625,-0.351502703,-0.851139341,9.937642339
29,0.206465834,0.021419606,2.39375,2.867444703,-0.43193563,4.406630545
30,0.734019104,0.05304288,2.322916667,1.445836289,-0.881584303,13.1498525
31,0.569287289,0.333684253,2.629166667,-0.640442443,0.132467132,18.14646352
32,0.004996326,0.603190671,2.3,0.757593343,-0.965893429,11.23379141
33,0.623071271,0.369194639,2.025,-0.043611504,0.287033864,20.40816061
34,0.371638501,0.694699761,2.56875,-0.90716323,1.495464673,29.91791032
35,0.613960323,0.40660809,3.0125,-0.714490059,1.242537294,21.06060077
36,0.175753123,0.24525246,1.120833333,1.540531348,-1.6473922,7.216619063
37,0.341660544,0.091104183,1.533333333,0.862775499,0.516542041,7.373287436
38,0.170022043,0.335263392,2.464583333,0.590717807,-2.628656752,8.822871762
39,0.076855253,0.002955825,2.172916667,1.471696162,-1.724675565,2.528043122
40,0.131814842,0.784670203,2.254166667,-1.176264619,0.762443659,24.69144005
41,0.589419544,0.534113455,2.025,-0.955568805,0.415839473,24.32516295
42,0.133137399,0.631210268,3.75625,-0.642714129,-0.511560915,17.18771423
43,0.280382072,0.022593837,2.141666667,1.51205748,-1.427251703,5.687562139
44,0.480675974,0.6643317,1.745833333,-0.229531857,0.881881588,29.57009889
45,0.227773696,0.825039478,2.23125,0.187680323,0.436916755,30.00561005
46,0.679059515,0.217273353,2.220833333,0.103207849,-1.642708359,15.71179498
47,0.961498898,0.397821598,3.322916667,-0.356575097,0.692186054,26.93398835
48,0.347685525,0.844394056,1.985416667,-0.03091496,0.223802019,33.79661963
49,0.664511389,0.531481556,1.647916667,-0.948255845,1.413497467,26.71315167
50,0.105510654,0.753330364,2.854166667,-1.214618763,-0.270343138,21.42184889
51,0.112270389,0.797303316,2.033333333,-1.861504583,1.18633121,24.31304075
52,0.107421014,0.419362676,1.80625,-0.884633088,-0.129827927,10.84756211
53,0.776928729,0.280034012,2.158333333,1.331956377,0.954481113,21.26301712
54,0.050110213,0.590031178,1.464583333,-1.086797549,-0.633340764,12.79513028
55,0.892872888,0.326679354,2.016666667,-1.363912075,1.509516194,23.4839785
56,0.062160176,0.747985585,1.44375,-1.701490782,0.703895655,19.44299888
57,0.392064658,0.287281856,2.170833333,-0.251704131,0.546987003,13.37028482
58,0.395591477,0.150018221,3.14375,-1.202637956,-0.024441519,9.696091549
59,0.672593681,0.360448637,1.464583333,0.071995511,1.116073605,20.98484408
60,0.300367377,0.391100134,3.127083333,0.483933023,-0.905003505,13.00299403
61,0.137252021,0.730048184,2.6125,-0.398352329,-1.169640484,20.38375186
62,0.510066128,0.613029923,1.485416667,0.48737167,1.165253929,28.67420465
63,0.182659809,0.011823298,1.841666667,0.995451275,-1.338258737,3.994407098
64,0.048640705,0.410130785,3.235416667,0.189189593,0.076261048,11.29314658
65,0.376047024,0.405393368,1.564583333,-0.158051557,-0.799617097,16.12876709
66,0.442174871,0.438919707,2.791666667,-0.317925323,0.284691943,19.5166093
67,0.494783248,0.061464955,2.1,-0.143985778,1.532935396,10.59943315
68,0.019838354,0.594971049,2.2125,0.16670613,-0.476432113,11.62582267
69,0.213960323,0.876138802,2.572916667,-0.714209988,1.366659064,32.26237599
70,0.637472447,0.474470583,2.627083333,1.144075529,-0.134511768,25.28426452
71,0.255547392,0.820423533,4.0875,-0.418252918,0.284691943,29.83983392
72,0.333725202,0.318054824,2.070833333,0.800770929,-0.905003505,12.68427989
73,0.13328435,0.43584241,1.725,0.859476887,-1.324207216,11.33796245
74,0.689933872,0.281653642,2.085416667,0.354867049,0.619586528,20.28397085
75,0.135635562,0.332914929,3.36875,-0.565056711,-0.797275177,8.875728984
76,0.649963262,0.440822772,2.120833333,-0.831559665,0.37836875,21.2755836
77,0.115209405,0.394258412,4.060416667,-0.26791712,-1.476432027,9.196985484
78,0.871124173,0.216058631,2.483333333,0.996167012,0.158228254,21.02410908
79,0.879353417,0.114062437,1.191666667,2.012248423,0.811623982,16.69359912
80,0.191329904,0.833906952,2.520833333,-1.445070378,-0.024441519,28.01824356
81,0.308008817,0.392760254,5.8,0.445376605,-0.647392285,13.90588643
82,0.173548861,0.330768919,4.8625,0.345469117,-0.989312631,9.33750283
83,0.052167524,0.664493663,2.527083333,-0.427448577,-1.427251703,14.31553786
84,0.110653931,0.171275863,6.95,0.438141442,-1.197743526,5.296565543
85,0.487876561,0.600153865,2.225,-0.146802046,1.394762106,27.01830675
86,0.087729611,0.458760173,2.36875,1.333014423,-0.97291919,10.27784442
87,0.147538575,0.046847795,3.5125,1.383271577,-1.506876989,4.090232486
88,0.150624541,0.047333684,2.729166667,1.100866824,-0.581818521,3.825942785
89,0.064658339,0.55439932,1.879166667,-1.300927258,-0.539663958,13.14098492
90,0.236884644,0.052354537,3.435416667,0.515394313,-0.638024605,5.644030327
91,0.18853784,0.43527554,3.383333333,-0.42397881,-0.495167474,14.91788784
92,0.104335048,0.692027372,5.51875,-0.167791798,-0.207111293,18.53615418
93,0.171050698,0.1483581,3.6125,-0.282838672,-0.874558542,6.477132174
94,0.305069802,0.85330202,3.083333333,-2.000077406,1.497806593,34.3177042
95,0.828067597,0.411628943,3.589583333,-0.309632114,-0.099382965,23.07536237
96,0.092872888,0.009515326,1.1625,1.514749272,-1.136853602,2.895517886
97,0.099926525,0.722719359,1.604166667,-0.557930465,-0.022099599,19.57549953
98,0.57340191,0.213507713,2.2125,-0.022450597,-0.146221368,15.39443725
99,0.133137399,0.441227679,1.19375,0.994471027,-1.104066719,11.30849855
100,0.242909625,0.356197109,1.145833333,0.805236503,-0.488141714,11.63979067
101,0.09140338,0.774102118,2.235416667,-1.509004325,0.785862861,22.44939574
102,0.160323292,0.636555047,3.245833333,-0.021999372,-0.647392285,17.39722648
103,0.623365173,0.084180265,2.772916667,0.536026197,-1.209453127,11.40629698
104,0.817046289,0.065190104,2.220833333,2.242855633,-0.970577269,14.65751814
105,0.222042616,0.03518646,1.314583333,1.133012731,-1.567766914,5.116681721
106,0.10859662,0.852856622,1.84375,-0.720293748,-0.282052738,25.36448441
107,0.752828802,0.435356521,1.84375,-0.084003942,-0.453012911,23.79179475
108,0.643938281,0.509980969,1.552083333,0.78121265,0.223802019,25.05684459
109,0.375900073,0.3789934,4.54375,-0.201695928,-0.420226029,14.76772012
110,0.172814107,0.200550674,2.083333333,2.077536046,-1.352310258,7.451150016
111,0.270830272,0.947240556,3.145833333,-2.01339633,0.708579495,35.79464267
112,0.27803086,0.797586751,2.554166667,-0.030059188,-1.066595997,27.19301037
113,0.125495959,0.251083128,2.104166667,0.632992943,-0.97526111,7.053878815
114,0.681116826,0.592136697,1.958333333,-0.888585198,1.359633303,27.19005122
115,0.124026451,0.552536745,1.6625,1.160210721,-0.961209589,15.24354305
116,0.763703159,0.250840183,1.835416667,-0.216181814,1.45565203,19.39888897
117,0.621601763,0.535004252,2.135416667,0.764003853,0.619586528,26.35568712
118,0.386186627,0.495525772,3.5875,-0.351938369,0.998977596,20.37326257
119,0.055988244,0.718710775,2.508333333,-0.335663142,-0.745752933,17.52221143
120,0.042615724,0.000809815,3.147916667,2.133721366,-0.291420419,2.037042738
121,0.497575312,0.127140948,1.375,1.828273007,-0.113434486,12.28458795
122,0.033504776,0.71142244,2.69375,0.408251661,-0.389781066,16.27440826
123,0.187509184,0.68542738,1.647916667,-1.124653789,1.572748039,27.1246574
124,0.582659809,0.344090375,3.564583333,0.309588931,-0.869874702,18.66856157
125,0.620573108,0.387901365,2.3125,-0.013690604,1.090312483,20.19905148
126,0.433798677,0.655909625,2.48125,-0.713821,0.635979969,29.49829866
127,0.211903012,0.681702231,1.714583333,-0.410597648,-0.455354831,19.9694127
128,0.067450404,0.657731708,1.360416667,0.051597018,-1.061912156,14.57297356
129,0.157090375,0.557881524,2.564583333,-0.332380089,-0.70594029,15.27023844
130,0.804849375,0.423209297,3.079166667,0.876685684,0.64768957,25.50925622
131,0.570168993,0.205247601,2.091666667,1.382835911,-0.525612436,14.50406914
132,0.407788391,0.071709114,2.714583333,0.803089293,0.720289096,7.830793131
133,0.023512123,0.651617605,2.20625,-0.570066867,-1.052544475,12.88177401
134,0.067744306,0.721666599,3.614583333,-1.726074777,0.734340617,18.60849832
135,0.360911095,0.043365591,2.735416667,0.931252817,-1.965893343,6.81992322
136,0.141807494,0.427136899,3.033333333,0.544661715,-0.84177166,9.255078867
137,0.432623071,0.362068267,2.58125,-2.098133316,1.059867521,19.83507077
138,0.399265246,0.333481799,2.533333333,0.81113355,-1.022099513,14.12350318
139,0.288170463,0.470300036,1.997916667,-0.238260731,-0.022099599,14.91536493
140,0.540631888,0.340972588,1.539583333,0.3209318,1.481413152,18.9788925
141,0.467009552,0.512653359,1.816666667,-0.38307291,1.080944802,21.55374963
142,0.125495959,0.867149856,2.0375,-0.671794816,-0.120460247,26.98296878
143,0.435709037,0.300319877,6.916666667,-1.056798851,-1.216478888,14.09881374
144,0.116678913,0.778718063,1.920833333,-1.441896242,0.900616949,23.42840378
145,0.377369581,0.029963153,2.160416667,0.614461589,0.619586528,7.418243748
146,0.180749449,0.032352108,3.49375,0.784744654,-0.748094853,4.504285398
147,0.361058046,0.269425436,1.872916667,1.26102066,-1.869874616,11.98755047
148,0.524614254,0.735433453,1.858333333,-1.789199631,1.715605169,30.17548382
149,0.798530492,0.148155646,3.483333333,-0.279648976,0.994293756,17.65495608
150,0.446877296,0.71628133,2.572916667,-1.322757223,1.32216258,29.93286061
151,0.029537105,0.612989432,1.35,-0.062391809,-0.905003505,12.59998751
152,0.288023512,0.390695226,3.94375,0.486017995,-0.078305683,13.07993396
153,0.052902278,0.677734138,4.291666667,0.474332817,-0.769172135,15.32146016
154,0.539162381,0.504393246,3.633333333,-0.426857316,0.158228254,24.50936119
155,0.732402645,0.644045836,3.183333333,-1.620223563,1.528251556,30.98308321
156,0.368993387,0.169251326,2.80625,0.755026027,-1.9260807,10.16134033
157,0.179279941,0.998258898,2.641666667,-1.693290931,1.284691857,35.96797535
158,0.430271859,0.571931814,2.135416667,-0.480879867,0.828017424,24.90429194
159,0.226010287,0.409199498,3.760416667,-0.134494489,-0.450670991,11.9621314
160,0.471271124,0.22739604,2.49375,0.48432201,0.408813713,13.83369836
161,0.805584129,0.324411872,2.072916667,0.474037187,1.383052505,22.86518396
162,0.482880235,0.581001741,2.958333333,-0.637143831,0.301085385,25.5584098
163,0.102277737,0.401506256,1.970833333,-0.113769247,-0.947158068,9.3491261
164,0.621307862,0.345750496,2.80625,0.668639735,-0.462380592,19.21133578
165,0.087729611,0.44236142,3.16875,-0.444953004,-1.066595997,10.07835268
166,0.106245408,0.421346722,2.083333333,0.359192587,-1.057228316,9.621143505
167,0.02468773,0.617605377,1.59375,-0.302365832,-1.012731833,11.95122431
168,0.4095518,0.608413977,4.03125,-0.536800676,-0.157930969,21.61689492
169,0.22101396,0.253107665,4.427083333,0.775113329,-0.16964057,8.828205601
170,0.402792065,0.569340406,3.033333333,0.188769487,-0.549031638,23.26382167
171,0.298750918,0.037210997,2.089583333,1.124781761,-1.289078413,6.219361149
172,0.051873622,0.618941572,1.775,-1.068561826,-0.670811487,13.02585241
173,0.197942689,0.611005385,4.022916667,-0.114484984,-1.148563203,19.02470608
174,0.48758266,0.275094141,2.166666667,-0.416930361,-0.17198249,13.92862761
175,0.464364438,0.480908612,3.283333333,0.720235006,-1.092357118,21.58208695
176,0.270830272,0.667328016,3.152083333,0.387837609,1.18867313,25.92182739
177,0.494489346,0.543507309,2.620833333,-1.2006619,1.605534921,26.0206677
178,0.117266716,0.107664899,3.00625,0.066907557,-2.012731747,4.170653734
179,0.238501102,0.38656517,4.439583333,0.405248679,-0.532638197,12.21268592
180,0.206759735,0.879499534,1.997916667,-0.4591277,0.315136906,31.7785021
181,0.284790595,0.244442645,1.577083333,0.124617708,0.554012763,11.53680612
182,0.317413666,0.643843382,2.222916667,-1.411555235,1.546986917,22.83086787
183,0.347832476,0.197351905,1.370833333,-0.065208077,-0.30313002,11.06856472
184,0.151947098,0.155848889,1.658333333,1.228112337,-1.211795047,5.589715278
185,0.109772226,0.59987043,5.15,0.635249069,-1.11577632,14.76118307
186,0.037472447,0.646191845,1.50625,-0.888460722,-0.179008251,14.48936429
187,0.221454813,0.918613597,1.991666667,-0.229905285,1.169937769,34.56542399
188,0.201616458,0.032878487,3.783333333,1.906226055,-1.497509308,4.633854573
189,0.52755327,0.614690043,2.24375,-0.175820495,1.174621609,30.09909567
190,0.064070536,0.667489979,4.66875,0.43728567,-0.691888769,15.85137117
191,0.491991183,0.121512734,0.979166667,1.357551739,0.078602968,11.10716926
192,0.377957384,0.305462202,2.172916667,1.007758832,-1.867532696,12.49380293
193,0.616017634,0.607725635,1.702083333,-0.1414807,1.165253929,29.2097208
194,0.599265246,0.58582014,2.81875,-0.72850916,1.640663724,26.57736094
195,0.605437179,0.319148075,2.104166667,-0.805637554,1.532935396,18.74399373
196,0.377957384,0.033728793,3.04375,1.14740526,-0.532638197,7.256993557
197,0.205290228,0.803053002,1.4875,-1.364441098,-0.417884109,28.01154383
198,0.833651727,0.249301535,3.289583333,0.428930224,0.130125212,20.91453076
199,0.134753857,0.669150099,1.964583333,-0.168554213,-0.492825554,17.81933125
200,0.656135195,0.668988136,2.2625,-1.229618112,1.127783206,31.40531526
201,0.115356356,0.821962182,1.427083333,-1.17165901,-0.005706158,24.98844103
202,0.120793534,0.371543102,1.75,0.902296605,-0.783223656,9.992099201
203,0.681557678,0.217273353,1.554166667,0.02803995,-0.054886482,16.97605077
204,0.204849375,0.464590841,2.427083333,0.944338349,-1.193059686,12.95649147
205,0.295958854,0.257480666,4.110416667,-0.14054713,-1.340600657,9.376817673
206,0.558412932,0.54306191,2.46875,0.270456813,0.654715331,26.41001373
207,0.658339456,0.117706604,2.05625,1.185946118,-0.097041045,13.65276357
208,0.457016899,0.098797425,1.8625,0.15293598,0.422865234,9.795338887
209,0.100073475,0.431226465,7.225,1.440141515,-0.549031638,10.20311081
210,0.525202057,0.627687573,2.1375,-1.546269305,1.015371038,29.57563733
211,0.052167524,0.613232376,1.802083333,-0.253944698,-0.593528122,13.31895509
212,0.252755327,0.36384986,1.004166667,0.979207167,-0.872216622,12.30326382
213,0.268038207,0.007895696,2.897916667,1.640501075,-0.750436773,5.30602645
214,0.119470977,0.678989351,2.295833333,0.357667757,-0.485799794,17.66072888
215,0.276561352,0.129813338,3.76875,1.17306286,-1.237556169,7.888894937
216,0.073769287,0.629590639,2.65625,0.439541796,-0.757462534,14.93032063
217,0.618515797,0.325869539,3.464583333,-0.693827055,1.537619236,18.94737055
218,0.161351947,0.441592096,3.075,0.882971718,-0.661443807,12.36316041
219,0.057898604,0.495161356,2.685416667,-0.064539019,-0.830062059,9.948992595
220,0.011168259,0.599829939,1.395833333,0.499492514,-1.422567863,11.40405539
221,0.160176341,0.848159696,4.464583333,-0.904875985,-0.16261481,28.11088329
222,0.287435709,0.370449852,2.9,0.716111741,-1.235214249,12.31928182
223,0.013960323,0.611369802,3.116666667,-0.535353644,-1.563083073,11.27748904
224,0.665686995,0.170708993,1.495833333,1.709491856,0.165254015,14.64188209
225,0.07994122,0.428837511,2.3,0.549345121,-1.146221282,9.851745028
226,0.334900808,0.326922298,1.391666667,-0.706679194,-0.474090193,14.66177352
227,0.560911095,0.581042232,1.691666667,-1.175035419,1.558696518,26.14381448
228,0.13901543,0.300684294,2.627083333,0.047676027,-0.993996471,8.570879958
229,0.132402645,0.654816374,1.872916667,-2.133640073,0.219118179,18.17716812
230,0.678471712,0.245697858,1.125,1.2390351,1.003661437,17.2500291
231,0.803232917,0.428230149,1.464583333,-0.025500257,0.729656776,25.10819622
232,0.069948567,0.697453132,4.108333333,0.032987868,-0.551373558,17.05490594
233,0.119617928,0.614730534,2.520833333,-0.754555747,0.568064284,17.81135888
234,0.271565026,0.547110985,1.908333333,0.865591767,0.37836875,18.20668658
235,0.040852314,0.762521764,2.28125,-1.627738797,-0.410858348,18.40697505
236,0.010286554,0.560999312,1.6875,-0.08680465,-0.799617097,10.68408993
237,0.618662748,0.245171478,2.158333333,-0.919548585,0.940429592,16.19057591
238,0.243938281,0.163137223,2.71875,0.136038374,-1.38743906,8.28795424
239,0.691550331,0.291128477,1.891666667,-0.113224665,0.549328923,17.66287704
240,0.722116091,0.026845366,2.6875,1.966892508,-1.099382879,12.14125078
241,0.284349743,0.537312224,1.683333333,-0.819361025,0.877197747,18.02560864
242,0.403379868,0.566222618,3.185416667,-0.410270899,1.064551361,21.61422427
243,0.021307862,0.625096166,1.570833333,-1.505145571,-1.483457787,11.65649595
244,0.63423953,0.408025266,2.039583333,-0.255594004,1.146518567,21.13338733
245,0.650844967,0.41851237,1.310416667,1.366856315,-0.02912536,23.60517332
246,0.628067597,0.634732964,2.347916667,-1.191528479,1.525909635,29.46655224
247,0.465540044,0.120095558,2.94375,0.929494595,-2.214136881,10.57845037
248,0.30859662,0.89873264,2.070833333,0.719534829,0.432232914,34.33336608
249,0.591476855,0.22682917,1.210416667,-0.644908017,1.001319517,14.84960026
250,0.562380602,0.622018869,2.885416667,0.663147235,0.041132245,28.50561464
251,0.378104335,0.483540511,1.88125,0.756535298,1.174621609,26.53016482
252,0.059662013,0.614366117,1.79375,-0.187318959,-0.532638197,13.78034541
253,0.311241734,0.29343645,2.3,0.148734918,-0.43661947,10.77357086
254,0.131961793,0.594930558,1.84375,-1.322010367,0.364317229,16.4080955
255,0.130933137,0.380977447,3.210416667,0.178749175,-1.682521002,10.25120182
256,0.394562821,0.61610722,2.316666667,-1.698021016,1.301085299,26.3573564
257,0.162968406,0.428473094,1.670833333,-0.775669975,-0.186034011,11.64693824
258,0.629096253,0.482973641,2.1375,-0.389343384,1.427548988,26.33785728
259,0.542983101,0.285257319,1.920833333,-1.369357897,1.151202408,15.73849355
260,0.629390154,0.267238936,1.808333333,1.245041063,1.261272656,18.27569794
261,0.225569434,0.022998745,1.839583333,2.424870553,-1.188375846,4.885910322
262,0.785157972,0.323521075,1.883333333,0.907197845,-0.005706158,20.24860233
263,0.304188097,0.900311779,3.11875,-2.197791853,1.790546615,33.83800498
264,0.068185158,0.467344212,1.791666667,1.043094435,-1.282052652,9.828503364
265,0.285525349,0.183099162,2.0625,1.507327395,-0.342942663,9.219502628
266,0.383982366,0.21330526,2.804166667,0.900942929,-0.364019945,11.20155404
267,0.442615724,0.559379682,2.041666667,-0.12467645,0.680476453,24.05099047
268,0.489933872,0.116248937,1.641666667,0.702232676,0.298743465,10.16084128
269,0.183541514,0.620925618,1.995833333,-1.384699555,1.167595849,21.24434489
270,0.528581925,0.284285541,2.504166667,-0.264711865,1.352607543,17.88641081
271,0.659515062,0.226910151,1.53125,-0.227275731,0.959164953,16.19839135
272,0.059955915,0.64214277,2.61875,-1.030970096,0.055183766,14.73333801
273,0.263041881,0.723083775,1.55,-1.267069806,0.315136906,25.62676886
274,0.243056576,0.93395959,2.202083333,-0.731683296,1.441600509,35.1837641
275,0.876855253,0.376968863,2.227083333,-0.288315612,1.350265622,25.60908914
276,0.601175606,0.434992104,2.054166667,1.097817163,0.870171987,21.70309958
277,0.864364438,0.239381301,2.352083333,-0.131258115,0.842068945,18.73575301
278,0.827479794,0.236749403,2.441666667,1.231768818,-0.127486007,19.23046425
279,0.746216018,0.459205572,2.06875,0.782364052,1.031764479,25.82480849
280,0.147685525,0.307162813,3.039583333,0.982739171,-1.038492954,8.506410165
281,0.629096253,0.486860752,2.225,-1.485509494,1.610218762,23.72236654
282,0.749008082,0.512045997,1.754166667,-0.502896546,1.174621609,27.71829407
283,0.06289493,0.718710775,2.797916667,-0.843353759,0.310453065,18.61129483
284,0.115650257,0.44179455,1.429166667,0.748973385,-1.951841822,9.877851829
285,0.140631888,0.000971778,3.722916667,1.233091374,-1.347626417,3.331624877
286,0.691256429,0.446410495,2.2875,-0.006735512,0.832701264,22.62948265
287,0.314474651,0.360367656,1.370833333,-0.382512768,-0.944816148,13.16924864
288,0.232623071,0.011296919,3.945833333,1.942277394,-0.584160441,4.922676745
289,0.122263042,0.037980321,2.116666667,1.828132972,-0.190717852,3.417212152
290,0.576928729,0.299186136,1.452083333,0.060792677,0.069235288,17.75387476
291,0.239529758,0.258088027,3.116666667,0.340085533,-0.937790387,9.141781798
292,0.362674504,0.493663198,2.802083333,-0.918288266,1.699211728,22.3674397
293,0.365907421,0.669433534,2.63125,-1.657955328,0.537619322,26.8674869
294,0.705216752,0.331943151,1.933333333,-1.380187302,1.296401458,21.04453425
295,0.103012491,0.778718063,1.9,-1.066336818,0.893591189,23.22691403
296,0.139750184,0.094140989,1.502083333,2.018052113,-1.003364152,5.325663524
297,0.193240265,0.822488561,2.566666667,-0.125936769,-0.094699125,27.99548844
298,0.320352682,0.332874438,3.604166667,-0.261755562,-0.638024605,12.00733784
299,0.847905952,0.263797222,2.054166667,-0.528849777,1.359633303,20.06581168
300,0.76943424,0.424747945,2.485416667,0.654371683,0.359633389,24.21965197
301,0.105951506,0.860914281,1.733333333,-1.839721296,1.020054878,26.78968252
302,0.070242469,0.556828765,2.0875,-0.632880531,-1.162614724,11.27298359
303,0.173989713,0.586589464,2.83125,-0.496641631,0.37602683,16.4433313
304,0.048787656,0.466453415,2.545833333,0.290155128,-1.326549136,10.00430382
305,0.349595885,0.198202211,2.383333333,0.769527472,0.071577208,10.63046004
306,0.236002939,0.928128923,2.452083333,-0.602788476,1.069235202,34.8705797
307,0.172667157,0.279507633,1.766666667,-1.014025811,0.041132245,8.898235836
308,0.198236591,0.950236871,1.695833333,0.345935901,0.91935231,34.86733381
309,0.209404849,0.100498036,1.795833333,0.005883235,-2.150905037,5.588317937
310,0.869507715,0.048345953,4.679166667,1.595269636,-1.359336018,14.96690977
311,0.587803086,0.183342106,2.375,-0.692348903,1.05284176,13.5515391
312,0.004702425,0.597360003,3.810416667,-1.509782299,-0.851139341,10.95977817
313,0.034974284,0.613353849,2.252083333,-0.482653649,-2.230530323,11.76488636
314,0.125936811,0.557436126,2.6875,-0.226808946,-0.326549222,12.61279851
315,0.042615724,0.660768514,3.522916667,-0.647475333,-1.837087734,14.15363649
316,0.053783982,0.391950439,2.84375,0.144144868,-1.436619384,8.899909671
317,0.012931668,0.615256914,3.95,-0.458629796,-1.153247043,11.3804538
318,0.313592946,0.192128599,2.025,0.779034321,-0.5794766,9.401619914
319,0.61895665,0.145928655,3.141666667,1.802413134,-1.188375846,14.1690714
320,0.600881705,0.380248613,3.36875,0.026359525,0.565722364,20.73401797
321,0.007200588,0.609385755,2.064583333,-0.191053237,-1.225846568,11.24575742
322,0.656135195,0.056808519,1.789583333,1.649478901,-0.900319664,12.16837718
323,0.03423953,0.698181965,2.55,-0.030666008,-0.108750646,16.37739586
324,0.63806025,0.339595902,1.683333333,-0.09933004,1.258930736,18.81328361
325,0.285525349,0.514434952,4.2,-0.64876677,-0.371045705,16.38393985
326,0.149595885,0.364700166,1.110416667,0.547773613,-1.502193149,9.936217688
327,0.146803821,0.314734583,2.522916667,1.639349673,-0.750436773,9.082927283
328,0.248934607,0.907357169,2.079166667,-0.226668911,0.954481113,34.45069013
329,0.296252755,0.444183504,2.095833333,0.93634077,-0.886268143,14.901334
330,0.523585599,0.157347046,2.789583333,1.221343959,-0.949499988,11.28291203
331,0.152828802,0.759242013,3.439583333,-1.548011968,0.797572461,24.33153199
332,0.26480529,0.8927805,2.13125,-1.558607981,1.507174274,34.66562475
333,0.23614989,0.143701664,1.260416667,0.924546677,-1.530296191,7.046481474
334,0.235562087,0.00376564,5.5125,2.080943574,-1.305471854,4.704192565
335,0.198971345,0.736607685,2.445833333,-1.07088019,0.633638049,25.66708865
336,0.201028655,0.212738389,3.804166667,-0.152092272,-0.534980117,7.475789836
337,0.593975018,0.063044094,2.41875,1.335208311,0.891249268,10.80179439
338,0.492138134,0.617686359,1.927083333,0.430828482,0.942771512,29.28660903
339,0.331227039,0.7260396,2.225,-0.110952979,-1.080647518,25.57197697
340,0.252314475,0.436085354,1.61875,-1.21351404,0.50483244,14.46290336
341,0.214107274,0.201522452,2.008333333,1.025667806,-1.193059686,7.902617463
342,0.42468773,0.736526704,1.0375,-1.623008712,1.244879215,32.22145366
343,0.026010287,0.667732923,3.547916667,1.027410469,-0.670811487,14.03484616
344,0.142248347,0.783617443,3.445833333,-0.741252382,-1.438961304,21.7472531
345,0.574283615,0.377657205,2.05,-1.859559647,1.474387392,19.51815782
346,0.221160911,0.728631008,1.458333333,-1.034704374,0.928719991,25.33816237
347,0.595885378,0.622018869,2.41875,-0.450616658,1.432232828,30.12549214
348,0.212049963,0.832246832,4.760416667,-1.233928091,-0.396806827,28.87080381
349,0.930492285,0.111147103,4.31875,2.045530174,-1.127485921,17.75267993
350,0.12770022,0.606834838,3.76875,-0.034680357,-0.743411013,14.77207269
351,0.218515797,0.83487873,2.085416667,-0.704267473,1.326846421,30.94106825
352,0.218662748,0.779892295,2.916666667,-0.34426754,1.228485773,27.99164298
353,0.189713446,0.363566425,2.797916667,0.350463713,-0.956525748,10.83105569
354,0.503159442,0.395513625,2.216666667,0.451211414,1.486096992,20.06156201
355,0.117707568,0.419160222,1.41875,-0.471357459,-1.364019859,10.21958565
356,0.220426157,0.823014941,2.895833333,-0.717539719,1.415839387,30.36602415
357,0.357090375,0.762440782,1.74375,-1.039652292,1.287033778,28.92778978
358,0.102277737,0.707575819,2.847916667,-0.27862205,-1.565424993,18.17140469
359,0.780161646,0.277604567,4.435416667,-0.780913524,-0.200085532,18.41103074
360,0.05716385,0.650888772,3.16875,0.03872932,-0.239898175,15.7563323
361,0.50668626,0.508118395,1.520833333,-0.365132817,1.202724651,22.08494217
362,0.086113152,0.792970806,2.30625,-1.269217016,1.04815792,23.1560607
363,0.114768553,0.420212981,2.95,0.365976525,-1.216478888,9.5858686
364,0.455841293,0.448435033,2.13125,-0.04894841,1.106705924,21.98572283
365,0.836737693,0.140057497,1.225,1.580021335,0.973216474,17.50233495
366,0.557678178,0.328744382,2.7125,-1.309609453,1.291717618,18.21847683
367,0.183394563,0.535530631,3.45625,0.232693929,-2.368703613,13.21598627
368,0.443644379,0.304530915,2.4625,0.162022723,-0.630998844,14.42766713
369,0.37913299,0.464023971,1.73125,-1.637198967,1.465019711,21.00736045
370,0.169140338,0.130177754,2.279166667,0.664858779,-1.682521002,5.810807483
371,0.506980162,0.318135806,1.75625,0.059470121,0.144176733,16.43007627
372,0.587656135,0.214843908,1.483333333,0.484788795,0.802256302,17.10382804
373,0.524908156,0.253188646,2.341666667,-0.031070555,1.418181307,14.65539784
374,0.145628215,0.008462566,2.089583333,1.169219666,-1.666127561,3.529204059
375,0.342395298,0.440539337,2.83125,0.341299173,0.495464759,17.79208173
376,0.474063189,0.078875977,1.75,0.312576354,-0.108750646,9.222986697
377,0.213225569,0.023606106,2.83125,1.137898411,-2.506876903,4.734060317
378,0.123291697,0.747216261,1.7375,-0.282511922,-0.291420419,23.19450794
379,0.07038942,0.475847269,1.35,0.88931999,-1.066595997,10.44986854
380,0.368111683,0.737619954,2.447916667,0.547726934,1.282349937,29.67661353
381,0.739897134,0.237032838,1.004166667,1.824134183,-0.246923936,17.25444495
382,0.120499633,0.459165081,2.272916667,0.197887349,-1.586502275,10.32931842
383,0.083174137,0.530914686,3.410416667,-0.68847459,-0.111092566,12.54416102
384,0.17340191,0.202656193,4.016666667,-0.147797853,-1.038492954,6.653186803
385,0.215135929,0.100943434,2.091666667,-1.108611954,-0.902661584,5.931456061
386,0.555620867,0.426205612,1.99375,0.177037631,1.233169614,20.27350801
387,0.383835415,0.701299753,2.80625,-0.379525346,1.518883875,31.06729254
388,0.306098457,0.273191076,3.060416667,0.163469756,-0.691888769,10.07813117
389,0.150330639,0.319633964,2.429166667,1.078725668,-0.755120613,8.801503354
390,0.565319618,0.246831599,1.470833333,1.633374828,0.980242235,14.96132457
391,0.532255694,0.464347897,2.997916667,-0.578811301,-0.204769373,20.83681472
392,0.039382807,0.625784508,3.558333333,-0.672121566,-0.827720139,13.07314831
393,0.534606907,0.809855448,2.427083333,-0.917572529,1.219118093,33.80679599
394,0.2761205,0.682026157,3.085416667,-0.576632972,0.572748125,28.72653001
395,0.260543718,0.899785399,2.260416667,-1.684888806,1.443942429,34.19509447
396,0.122409993,0.496416569,2.297916667,-0.182075411,-0.727017571,12.10533803
397,0.037178545,0.656314532,2.44375,-0.294757241,-0.232872415,14.5892826
398,0.406465834,0.692067862,2.06875,0.122937283,-0.986970711,26.54172308
399,0.190889052,0.655302263,1.910416667,-0.222623443,0.432232914,23.44719491
400,0.129904482,0.680447018,2.59375,-0.093899778,-1.064254076,17.36285932
401,0.087141807,0.482690205,3.877083333,-0.834702683,-1.237556169,10.47377916
402,0.152975753,0.669838442,1.391666667,0.695962201,0.36665915,19.8702064
403,0.095958854,0.047900555,2.470833333,1.455016388,-1.771513969,3.165478171
404,0.160470242,0.502166255,1.329166667,-0.474158167,-0.680179168,12.48837542
405,0.27626745,0.907276187,4.129166667,-1.76296633,1.310452979,34.92229607
406,0.264070536,0.832975665,2.639583333,-1.135452075,1.247221135,31.83035902
407,0.078324761,0.777665303,1.277083333,-1.326849369,-0.202427453,21.22189681
408,0.364584864,0.456452201,1.541666667,-0.873056827,0.120757531,15.87321195
409,0.435562087,0.276632789,2.40625,-2.031149709,0.113731771,12.67072391
410,0.057898604,0.626472851,1.660416667,0.063515588,-0.532638197,14.03435497
411,0.647905952,0.423897639,1.297916667,1.251918358,0.828017424,25.33462918
412,0.317707568,0.666801636,2.25625,-0.990406505,1.258930736,26.08774414
413,0.57722263,0.089767988,1.310416667,0.484197534,1.045816,12.10341188
414,0.289346069,0.812811273,1.602083333,-2.069332699,1.44862627,33.11202259
415,0.045407788,0.598655707,3.204166667,-0.496501596,-1.078305597,12.53605884
416,0.490521675,0.616755071,2.354166667,-1.406109414,1.483755072,27.15233744
417,0.431300514,0.318054824,2.579166667,0.550947749,1.357291383,16.22527546
418,0.622189566,0.099161842,3.129166667,2.107985969,-1.026783354,12.47948143
419,0.556796473,0.485524558,2.647916667,-0.340704417,1.678134447,22.95368979
420,0.689786921,0.481799409,2.639583333,-0.46065253,0.516542041,25.88845254
421,0.502277737,0.236708912,5.866666667,0.918416237,-0.745752933,15.61289072
422,0.539456282,0.667328016,1.745833333,-0.213956807,1.380710585,31.6073303
423,0.413225569,0.574280277,4.554166667,0.722211061,-0.612263483,23.96214379
424,0.117119765,0.410333239,3.641666667,0.107782339,-0.317181541,9.837084873
425,0.494783248,0.588087622,1.59375,-1.429401971,1.308111059,26.31225933
426,0.209110948,0.321860955,1.445833333,0.389455796,-0.996338391,9.769506175
427,0.199118295,0.632222537,2.385416667,-0.940585016,0.874855827,20.72108868
428,0.366054372,0.610479006,2.31875,-0.417179313,-0.186034011,23.68889521
429,0.504922851,0.290359153,1.50625,-0.643492103,1.261272656,15.16761711
430,0.571932403,0.017411022,3.585416667,1.935960241,-0.895635824,9.669849681
431,0.427479794,0.273150585,2.385416667,0.327171156,-0.420226029,12.70503704
432,0.052020573,0.777017452,1.939583333,-1.637899144,0.467361717,20.18433052
433,0.679206466,0.199902822,1.7625,-1.988314431,1.153544328,16.50488488
434,0.276414401,0.493825161,2.220833333,-1.312705792,0.401787952,15.93102104
435,0.359147686,0.178847633,1.802083333,-0.121051089,0.37836875,9.498292705
436,0.144599559,0.352107543,2.1375,0.393812454,-1.347626417,8.710274696
437,0.313592946,0.534275418,3.977083333,-0.706414683,-1.075963677,20.26482278
438,0.066274798,0.516378508,1.9625,-0.381625877,-1.164956644,10.49094968
439,0.177369581,0.625663036,3.491666667,1.062699393,-0.16495673,21.76319308
440,0.637619398,0.402032636,1.958333333,1.656822981,-0.272685058,21.30715841
441,0.782512858,0.197716322,3.047916667,-0.159872018,0.111389851,19.38976704
442,0.207053637,0.38765842,1.864583333,1.07531814,-0.595870042,12.17939031
443,0.616752388,0.20520711,3.4,1.299997184,-0.542005878,15.86874427
444,0.151653196,0.219095437,4.795833333,1.054110554,-2.312497529,6.493699597
445,0.407788391,0.046199943,1.777083333,1.481545319,-1.509218909,7.672080101
446,0.620573108,0.205531036,1.90625,1.148945649,0.968532634,16.35466365
447,0.298897869,0.07523181,2.939583333,0.613107914,-1.478773947,6.637853786
448,0.295518001,0.675547637,2.333333333,-0.878175899,1.212092332,26.37737246
449,0.191329904,0.464955258,4.747916667,-0.245138026,-0.525612436,15.28393005
450,0.406171932,0.010446613,3.366666667,1.817163531,-0.101724885,7.237051906
451,0.260249816,0.443738106,2.520833333,-2.269194355,0.214434338,14.67033475
452,0.408082292,0.082398672,2.666666667,0.193095026,-1.972919104,8.886661405
453,0.160617193,0.730655545,2.964583333,-1.092647917,0.214434338,22.53833552
454,0.043350478,0.522290157,2.422916667,1.031269222,-0.949499988,10.56510567
455,0.403085966,0.291978783,3.404166667,0.623641689,-0.474090193,12.5937291
456,0.480969875,0.376725918,2.65625,0.212093164,0.076261048,18.3987305
457,0.635415136,0.270518686,1.979166667,1.467619575,-0.019757679,16.18641797
458,0.028214548,0.692027372,1.675,-1.426150038,-0.537322037,14.36272562
459,0.459515062,0.835850508,2.639583333,-0.804595068,1.31982066,34.25037742
460,0.528581925,0.428149168,2.329166667,-1.508413064,1.308111059,21.00196413
461,0.17722263,0.306514961,1.129166667,1.539395505,-1.143879362,9.25959805
462,0.192799412,1,2.308333333,-2.097931042,1.373684824,36.3760667
463,0.213519471,0.274041382,1.629166667,-0.021952693,-1.937790301,9.782085078
464,0.658339456,0.555047172,2.8375,-0.776354593,1.493122753,24.89908376
465,0.093166789,0.826294692,4.395833333,-2.102630008,1.036448319,24.43258666
466,0.629684056,0.511479127,3.102083333,-1.43340076,0.736682537,27.1311241
467,0.018074945,0.687411426,1.414583333,-1.836282649,0.083286809,14.59047096
468,0.403526819,0.142163016,2.233333333,0.165259097,-0.98462879,9.881043224
469,0.537398971,0.516540471,1.979166667,-0.992507036,0.945113432,22.72485054
470,0.581925055,0.454913552,2.5125,-0.035131582,1.340897942,20.50784409
471,0.490668626,0.379276835,1.56875,1.331085046,-1.047860635,18.27035409
472,0.496987509,0.5457343,1.960416667,-0.973866766,1.013029117,23.24044926
473,0.639823659,0.456573673,2.708333333,-0.926068011,1.518883875,23.54826497
474,0.302718589,0.706280115,2.85625,-0.923687409,1.343239862,27.22893166
475,0.883174137,0.337773819,2.041666667,-1.44838455,1.467361631,24.4066599
476,0.470830272,0.541239827,2.810416667,-1.678991759,0.310453065,23.4336978
477,0.209992652,0.591610317,1.875,-1.596946565,0.727314856,16.84346383
478,0.090815577,0.444426449,1.40625,0.340365604,-1.989312545,10.39398718
479,0.058045555,0.696035956,2.1,-0.792956569,-0.317181541,17.19129517
480,0.449963262,0.324897761,3.6625,-0.274965569,-0.279710818,14.48367637
481,0.110800882,0.795481233,3.325,-0.667749349,0.347923788,23.54845637
482,0.511829537,0.662226181,2.072916667,0.803120412,1.172279689,29.49966274
483,0.65716385,0.493055837,2.14375,-0.119946365,1.308111059,23.57235689
484,0.770022043,0.483702474,1.914583333,-0.470890674,1.31513682,27.35069477
485,0.408963997,0.379074382,1.710416667,-1.388013726,0.37368491,15.897988
486,0.62483468,0.319350528,1.854166667,-0.603504212,1.380710585,18.33786513
487,0.16385011,0.319188565,2.33125,0.053308562,-1.478773947,8.424790116
488,0.308302719,0.564643479,3.410416667,0.036457634,-0.642708445,19.63563617
489,0.425422483,0.640199214,3.0875,-1.079173398,0.631296129,28.89477537
490,0.747979427,0.05142325,3.675,0.968611154,-0.801959017,12.97355307
491,0.104922851,0.388468235,1.347916667,1.076360626,-1.623972998,10.24892446
492,0.511388685,0.412398267,1.685416667,0.837662481,0.785862861,22.34451907
493,0.256135195,0.600558772,4.702083333,-1.244290712,0.469703637,19.04699868
494,0.189419544,0.040693202,2.33125,2.205652891,-1.279710732,4.579051512
495,0.380308597,0.669028627,3.00625,-0.62068189,0.462677877,28.07177083
496,0.38853784,0.353322266,2.820833333,0.995155645,-0.417884109,16.93935396
497,0.356649522,0.676195489,4.302083333,-0.931047048,0.460335956,27.07482484
498,0.708155768,0.377859659,1.841666667,-0.772947065,1.549328837,22.06858364
499,0.411315209,0.019799976,6.622916667,2.421509703,-1.11109248,7.675974937
500,0.186921381,0.235413208,1.870833333,1.05792263,-1.11811824,7.894788491
501,0.671858927,0.192533506,2.645833333,1.446489787,-1.478773947,15.52422013
502,0.490668626,0.367291574,2.125,-0.198008329,1.254246895,21.59242539
503,0.442174871,0.581892538,1.46875,0.996696034,0.994293756,24.7559294
504,0.088023512,0.380208122,2.097916667,0.003627109,-1.736385166,8.968552534
505,0.636443791,0.301534599,1.33125,0.320869562,0.406471792,17.63379483
506,0.40764144,0.386929587,1.935416667,-0.012928189,1.486096992,20.56743568
507,0.268332109,0.10450662,1.727083333,0.25710677,-1.148563203,7.507410302
508,0.448199853,0.640806576,1.585416667,-1.613408506,1.125441286,24.65540552
509,0.334606907,0.087945904,1.55,1.181807293,0.205066658,7.43403403
510,0.337398971,0.848443131,1.541666667,-1.620254682,1.32216258,33.35109683
511,0.453490081,0.288253634,1.810416667,0.734378583,-0.506877075,13.21567742
512,0.153563556,0.251730979,1.939583333,0.738190658,-1.157930883,8.033421773
513,0.622483468,0.504433737,1.98125,-0.494758933,1.380710585,25.26898678
514,0.126083762,0.325019233,3.110416667,0.810355575,-0.216478974,9.51255088
515,0.33710507,0.32757015,4.09375,1.320364557,-0.265659297,15.36759269
516,0.706392359,0.373770094,2.272916667,0.306243641,1.357291383,22.21403833
517,0.329169728,0.203789934,1.958333333,-1.154216821,0.720289096,9.839973475
518,0.691697281,0.330849901,3.5625,-0.624774036,1.483755072,19.71177556
519,0.099485672,0.782159776,1.55625,-1.816724369,0.790546701,24.49169256
520,0.517119765,0.367291574,2.547916667,1.435006883,1.083286723,17.65863766
521,0.460543718,0.507753978,2.041666667,0.319484767,1.427548988,22.81392891
522,0.245554739,0.242944487,1.4125,0.085003245,-1.024441433,9.130290243
523,0.947391624,0.129894319,2.325,0.849020909,0.137150973,17.58334325
524,0.172961058,0.550836134,2.791666667,0.544926226,-0.556057399,14.97282863
525,0.370756796,0.448961412,1.820833333,-0.528647503,-0.293762339,20.34254406
526,0.725055107,0.500020245,0.897916667,1.186739652,-0.869874702,26.30719073
527,0.096546657,0.647244605,2.345833333,-0.298071413,-0.394464907,17.15211464
528,0.246730345,0.720978256,1.929166667,-1.276498857,0.158228254,25.43944775
529,0.023952976,0.59557841,2.810416667,0.079495185,-1.143879362,11.26122955
530,0.447171198,0.57496862,1.995833333,-1.016437532,-0.113434486,25.02196913
531,0.323438648,0.758675143,2.0875,-0.363841379,-0.905003505,28.18390414
532,0.122556943,0.785844435,2.36875,-0.765960853,0.600851167,24.52159041
533,0.509184423,0.494392031,2.05625,-1.13837726,1.401787866,22.36795869
534,0.914768553,0.498036199,2.072916667,0.860021469,0.858462386,27.88379359
535,0.909625276,0.097825647,1.339583333,1.96899304,-0.024441519,17.22628967
536,0.296987509,0.474835,3.691666667,1.949994902,-0.893293904,16.71548283
537,0.401763409,0.007733733,3.3625,2.133487974,-0.073621843,7.086623135
538,0.32005878,0.422237519,2.1875,0.322254357,-0.268001217,17.87943229
539,0.114180749,0.416852249,2.304166667,0.236428207,-1.171982404,9.456768808
540,0.027626745,0.57934162,1.595833333,-0.433205588,-1.942474141,10.79073124
541,0.536076414,0.068064947,3.23125,2.425321779,-0.57479276,11.22752951
542,0.244085231,0.896991537,2.816666667,-1.403059754,1.525909635,34.74366958
543,0.226451139,0.825970766,2.504166667,-1.538318405,0.130125212,28.23485411
544,0.590742101,0.238733449,3.36875,-0.458551998,-0.085331444,16.03945655
545,0.198530492,0.717253108,2.645833333,-1.090158398,0.404129872,23.44705688
546,0.249081558,0.347734543,1.895833333,-1.492573503,-0.059570322,12.92750256
547,0.749301984,0.358545572,2.041666667,0.238295346,1.090312483,22.47462518
548,0.364290963,0.100417055,2.829166667,0.710494765,-1.073621757,8.182020628
549,0.275238795,0.587682714,1.922916667,0.435091782,-0.785565576,20.47095999
550,0.312711242,0.559501154,1.558333333,-0.067121894,0.680476453,18.97823992
551,0.029390154,0.679110823,1.633333333,0.35514712,-1.228188488,13.45680205
552,0.478912564,0.340891606,1.8,0.055424653,0.963848794,17.25566668
553,0.173695812,0.439810503,1.466666667,-0.832244283,-0.523270516,12.59752072
554,0.471124173,0.517309795,2.695833333,-1.038563128,1.256588815,23.97895975
555,0.034680382,0.633882658,3.0875,-2.056122691,-0.724675651,12.81668111
556,0.064511389,0.572417703,1.233333333,0.10347236,-2.090015112,11.55961815
557,0.579867744,0.42122525,2.4875,-0.483307148,1.387736345,22.08452094
558,0.38104335,0.816860347,1.947916667,-1.491997802,1.361975223,33.06533883
559,0.303453343,0.096246508,2.222916667,1.905790389,-0.057228402,7.383680555
560,0.700073475,0.346641292,2.489583333,-0.9514611,1.497806593,21.79913636
561,0.094636297,0.667530469,2.945833333,-0.464324569,0.301085385,18.43911866
562,0.524614254,0.610519496,1.83125,-0.131678221,1.305769139,24.86461281
563,0.124761205,0.69895129,3.03125,1.315821186,0.319820746,20.6518307
564,0.785745775,0.322265862,1.575,0.636213757,0.881881588,20.79802566
565,0.791476855,0.416811759,1.952083333,0.312560794,0.380710671,23.73286101
566,0.836443791,0.506903673,1.702083333,0.405419834,1.172279689,28.32437673
567,0.247759001,0.230027939,2.227083333,-0.772962624,-0.289078499,8.550650746
568,0.115944159,0.788111916,3.154166667,-0.500811575,0.610218848,24.12296824
569,0.480969875,0.37247439,1.535416667,0.335417686,1.376026744,18.89491584
570,0.058633358,0.614568571,5.835416667,0.504020325,-1.026783354,13.53502194
571,0.139162381,0.31457262,2,0.67154936,-1.120460161,8.624046893
572,0.28758266,0.679353768,2.502083333,0.32704668,-0.061912242,24.1500198
573,0.890668626,0.066121391,1.704166667,1.490958811,-0.052544561,15.92044848
574,0.078471712,0.512815322,4.410416667,-0.296359869,-1.029125274,11.718813
575,0.23232917,0.800461595,2.075,0.228166117,0.731998697,29.30447865
576,0.163556209,0.010689557,3.777083333,1.668866026,-0.902661584,3.86913319
577,0.035121234,0.667247034,2.216666667,-0.666380114,-1.029125274,13.40180989
578,0.283468038,0.519010406,2.9,1.191703129,0.692186054,22.63307564
579,0.209992652,0.282787383,1.279166667,0.995653548,-1.853481175,8.602926059
580,0.502718589,0.384864558,2.058333333,0.706807166,1.139492807,19.69683268
581,0.040117561,0.667894886,2.208333333,-0.103733376,-0.474090193,13.98338108
582,0.329904482,0.53978216,3.089583333,-0.174669093,-0.380413386,19.49428838
583,0.45525349,0.538769891,2.516666667,-1.575396671,-0.092357204,24.44532586
584,0.034827333,0.002550917,3.116666667,1.167088015,-0.937790387,1.958976033
585,0.420720059,0.303275702,1.75,-1.050217186,1.094996323,15.22652667
586,0.736076414,0.441065716,2.204166667,-0.058315223,0.849094705,23.59112855
587,0.955914769,0.206057416,1.929166667,1.264039201,0.261272742,20.39670219
588,0.009698751,0.602137911,3.252083333,-0.565725769,-0.853481261,11.11417099
589,0.500073475,0.333441309,2.108333333,-0.062002822,0.050499926,17.84559921
590,0.253783982,0.783657934,2.83125,-1.215132227,0.23551162,28.54753701
591,0.392652461,0.014293234,1.71875,2.439138606,-0.352310344,6.996860468
592,0.241146216,0.150342147,1.929166667,0.482003646,-1.471748187,7.310474611
593,0.006906686,0.62209985,1.991666667,-1.049423652,-1.228188488,11.67768943
594,0.155326965,0.246791108,1.88125,-1.115022464,-0.736385252,7.340966259
595,0.478912564,0.348017978,2.460416667,0.239633462,1.137150887,17.62702953
596,0.417340191,0.479086529,1.572916667,0.377692822,-0.947158068,18.59259452
597,0.604261572,0.623314573,2.560416667,0.037935786,1.132467046,30.93783983
598,0.159000735,0.787059157,2.302083333,-0.363576868,-0.605237722,23.16604997
599,0.449228508,0.507025145,1.747916667,-0.447364725,1.631296043,23.82785
600,0.633504776,0.278049966,1.9,-0.594277434,1.071577122,19.45440655
601,0.306098457,0.640158724,2.158333333,-0.577333149,1.251904975,27.26071019
602,0.46862601,0.743167186,1.972916667,0.351630675,-0.249265856,29.97031862
603,0.223806025,0.083087015,2.022916667,1.981627346,-1.64973412,5.674149562
604,0.144011756,0.147710248,4.220833333,0.414444338,-0.654418046,5.808283816
605,0.53710507,0.376321011,1.689583333,-0.059482185,1.219118093,20.3844258
606,0.641440118,0.246264729,2.01875,-0.659378343,0.998977596,17.0581832
607,0.069066863,0.50892821,2.491666667,1.397119524,-0.237556255,11.51426411
608,0.532990448,0.460987164,3.083333333,-0.385453512,0.324504586,22.51694835
609,0.282439383,0.025833097,4.266666667,0.755726204,-0.638024605,5.593161745
610,0.65716385,0.550552699,2.897916667,0.873807178,0.087970649,27.49677054
611,0.613078619,0.320808195,1.860416667,0.29496301,-0.050202641,19.12032457
612,0.31050698,0.710936551,3.09375,-0.278746526,-0.511560915,26.73996872
613,0.115944159,0.76879783,1.433333333,-0.47009714,-0.619289243,20.48787256
614,0.148861132,0.265052436,2.29375,0.582331241,-0.912029265,7.900327403
615,0.624540779,0.354496498,2.360416667,-0.705092126,1.497806593,22.69810556
616,0.77340191,0.389116087,1.970833333,-0.455938004,0.654715331,23.29223552
617,0.455106539,0.292262218,2.185416667,-0.779948835,1.254246895,17.5561671
618,0.786333578,0.388225291,1.38125,1.232686828,0.2331697,24.17909664
619,0.19426892,0.035429404,1.554166667,1.272410207,-0.249265856,4.398584791
620,0.185892726,0.629226222,2.9125,-0.481969032,0.729656776,19.67598909
621,0.762086701,0.371502612,3.245833333,0.26291046,0.568064284,22.50692988
622,0.108155768,0.374296473,1.416666667,0.757468867,-1.270343052,9.648620273
623,0.782659809,0.158521278,2.002083333,2.210694166,0.624270369,17.57344796
624,0.27053637,0.839292222,2.764583333,-1.034346506,1.565722278,32.38074774
625,0.040852314,0.556342876,4.225,-0.489717658,-0.867532782,10.57673455
626,0.242321822,0.296918654,1.964583333,-0.630686642,-0.183692091,10.1790294
627,0.71991183,0.089363081,2.760416667,0.02131825,0.612560768,14.10531048
628,0.8761205,0.467708629,2.733333333,0.306243641,0.753075978,27.83111258
629,0.358853784,0.313560351,1.954166667,0.049294214,-0.179008251,13.23450634
630,0.161351947,0.77369721,2.1125,0.034886126,-0.70828221,22.9180868
631,0.468185158,0.383447382,2.675,-0.129888879,1.057525601,18.45975686
632,0.065099192,0.620075313,3.39375,1.0026242,-0.813668618,13.49156901
633,0.32755327,0.359719804,2.46875,-1.476796179,0.699211814,12.68382755
634,0.797795738,0.512531886,2.5125,0.468529127,0.666424932,27.57541125
635,0.63041881,0.062396242,3.160416667,-0.437562246,1.3127949,11.66112577
636,0.767964732,0.446329514,2.2,0.960442421,0.556354684,27.64395171
637,0.042909625,0.130582662,2.489583333,0.775455638,-1.565424993,3.30039223
638,0.337545922,0.852289752,1.760416667,-0.631340141,1.373684824,34.28903444
639,0.152681852,0.601125643,3.485416667,-1.027033545,0.870171987,18.29942867
640,0.370462895,0.181196097,1.770833333,0.641955209,-0.068938003,10.88669999
641,0.17531227,0.408673118,2.629166667,-1.05558521,-0.16495673,13.17192167
642,0.023071271,0.573713406,1.71875,1.302377786,-1.752778607,11.02518434
643,0.07994122,0.453293922,2.954166667,1.589777136,-0.914371185,9.605200258
644,0.027626745,0.64805442,2.422916667,-0.808858369,-0.066596083,14.14524722
645,0.245995591,0.696359882,2.308333333,-0.326763113,1.31513682,29.70386155
646,0.786480529,0.106693121,2.220833333,-0.704485306,1.3245045,14.21791509
647,0.983835415,0.266874519,2.079166667,1.224393619,0.291717704,22.67959234
648,0.224246877,0.173462364,2.683333333,0.539776035,-0.820694378,6.957993629
649,0.76385011,0.400372515,1.06875,0.204780203,0.310453065,21.95431891
650,0.431006613,0.498441106,1.629166667,-0.36016934,0.153544414,20.4784382
651,0.183688464,0.829007572,2.285416667,-0.376771316,1.05518368,32.87098755
652,0.760176341,0.134064866,1.539583333,0.323779187,1.275324177,16.73148673
653,0.019544453,0.559784589,2.347916667,-0.847196953,-0.506877075,10.88495194
654,0.805143277,0.281451188,2.15625,-1.419023791,1.621928362,20.13737409
655,0.208963997,0.898084788,2.408333333,-0.782796222,0.593825406,32.56738584
656,0.661572373,0.442401911,2.060416667,-0.152107832,-0.075963763,23.78083203
657,0.326524614,0.502490181,2.566666667,-0.647024107,-1.715307885,16.79130771
658,0.039676708,0.679515731,2.33125,-0.410675446,0.457994036,15.84129172
659,0.025863336,0.674656841,2.185416667,0.181487646,-0.738727172,14.10715131
660,0.398236591,0.303680609,2.289583333,0.652037759,-1.326549136,13.73496716
661,0.880822924,0.485322104,2.225,-0.426203818,0.973216474,29.86143486
662,0.227626745,0.837389157,2.525,-0.756687397,1.333872181,31.41389185
663,0.061131521,0.562659432,2.839583333,0.655756477,-1.282052652,12.2175929
664,0.376340926,0.765396607,1.620833333,0.748537719,-0.207111293,29.71221979
665,0.469066863,0.557881524,4.6,-0.635198895,-0.291420419,21.99465185
666,0.554592212,0.315220472,1.720833333,0.049325333,-0.16261481,18.44044649
667,0.135929464,0.837915536,1.670833333,-1.949649097,1.038790239,26.84443327
668,0.015723733,0.659391829,2.74375,-1.853709278,0.216776258,13.68340133
669,0.185304923,0.855205086,3.254166667,-1.504538751,-0.050202641,29.35362978
670,0.182072006,0.870024699,2.76875,-1.280419849,1.305769139,30.83131451
671,0.059221161,0.648256873,1.833333333,-0.772029055,-0.778539815,14.58013502
672,0.419691403,0.82402721,1.9,0.163314161,-0.553715479,32.64372173
673,0.817634093,0.603919504,2.64375,-1.057701301,1.530593476,30.79735276
674,0.572520206,0.230837754,3.495833333,-0.298787149,-0.071279923,16.01030745
675,0.122116091,0.517552739,1.316666667,-0.002721163,-0.44130331,13.18378046
676,0.409992652,0.592055715,1.9875,0.133004273,0.191015137,23.17819138
677,0.060396767,0.572984573,2.816666667,-0.757620966,-0.073621843,12.83353558
678,0.684055841,0.498238652,2.98125,-1.43003991,1.441600509,26.6835462
679,0.325055107,0.156091833,1.841666667,-0.693873734,-0.415542188,8.695490067
680,0.748861132,0.379114872,1.425,1.032840731,0.399446032,23.56097969
681,0.879794269,0.343766449,2.689583333,0.546653329,0.23785354,25.36535261
682,0.745775165,0.49483743,1.552083333,-0.428848931,0.614902688,26.32818012
683,0.216605437,0.880147386,2.775,-0.626018795,0.167595935,32.07425017
684,0.124026451,0.44394056,1.202083333,1.324254429,-1.169640484,10.44033767
685,0.526818516,0.478843584,2.822916667,-0.002238819,1.158228168,22.50161254
686,0.59235856,0.28801069,2.366666667,0.08696374,1.104364004,17.28481487
687,0.010286554,0.580353889,2.602083333,-0.924465384,-0.673153407,10.8558494
688,0.416458486,0.463740535,2.779166667,-1.174381921,0.09733833,19.16461809
689,0.190889052,0.963801271,3.4375,-0.633082804,0.617244608,34.6841381
690,0.321087436,0.017249059,2.95,2.607741246,-0.499851315,6.056602894
691,0.793534166,0.317002065,1.483333333,0.859803636,-0.673153407,20.81873689
692,0.600146951,0.385067012,3.175,-0.916109937,1.270640336,20.06756001
693,0.550330639,0.592663076,2.14375,-1.440449209,1.72965669,28.05111598
694,0.417634093,0.709519375,1.852083333,1.179146621,1.242537294,31.45200257
695,0.337692873,0.483257076,1.55625,-1.16159202,0.059867607,16.95189138
696,0.217487142,0.259788638,2.933333333,1.210685708,-0.401490667,9.186251194
697,0.261131521,0.32538365,0.908333333,0.829680463,-0.335916902,11.66874058
698,0.158559882,0.314977528,2.554166667,-0.333562611,-1.670811401,9.042757602
699,0.814548126,0.153378953,2.21875,1.633530423,0.010687283,16.75537066
700,0.380749449,0.012754586,2.466666667,1.843163439,-0.635682685,6.9012157
701,0.088611315,0.458841155,3.6125,0.26076325,-1.082989438,10.84303283
702,0.31800147,0.2214439,2.816666667,0.492833052,-1.834745813,9.3947319
703,0.093460691,0.006235575,2.064583333,1.232842422,-1.64973412,2.803725538
704,0.047465099,0.559339191,1.65625,0.064651431,-1.799617011,11.16801846
705,0.650551065,0.06065514,1.629166667,1.622545423,1.172279689,11.63604469
706,0.224540779,0.933230757,2.197916667,-0.345667894,0.905300789,35.06098776
707,0.387215283,0.155646435,1.829166667,0.569043436,0.275324263,10.59691049
708,0.638648053,0.494432522,2.841666667,-1.177913925,0.91701039,23.91497658
709,0.240558413,0.370004454,2.052083333,0.07384709,0.446284435,10.82932728
710,0.678912564,0.408835081,1.870833333,-1.183421985,1.083286723,22.93937334
711,0.361204996,0.484795724,2.108333333,-0.272304896,-0.729359492,17.02797195
712,0.164731815,0.015426975,1.51875,1.905479199,-1.101724799,3.898500166
713,0.040558413,0.629793092,2.127083333,0.013740778,-1.860506935,12.43890932
714,0,0.61234158,3.520833333,0.185999898,-0.862848941,11.10841448
715,0.722703894,0.35352472,2.391666667,-1.279750791,1.198040811,23.14853052
716,0.175018369,0.150220675,2.58125,0.326673252,-0.698914529,6.449493266
717,0.282145481,0.785277564,3.252083333,-0.357244155,1.219118093,31.37130035
718,0.003967671,0.621128072,2.4875,-1.704742716,-0.811326698,11.69085306
719,0.038648053,0.681945176,2.4375,-0.412215835,-1.759804368,14.23179279
720,0.473034533,0.284487994,2.9875,-0.066515074,-0.638024605,16.04834423
721,0.48199853,0.635866704,2.389583333,-0.046256618,1.539961156,27.84829305
722,0.332255694,0.043163137,2.379166667,2.1332857,-0.567767,6.443688861
723,0.098310066,0.596995587,1.497916667,0.413277376,-0.202427453,14.80050146
724,0.322116091,0.66757096,3.272916667,-1.026380047,1.610218762,27.82641053
725,0.280822924,0.496578532,5.345833333,-0.494478862,0.183989376,19.23706924
726,0.501542983,0.642223752,2.91875,-1.219348849,-0.094699125,25.604709
727,0.082733284,0.774102118,3.110416667,-0.612777669,-0.563083159,20.43885643
728,0.587950037,0.38551241,2.704166667,1.294473565,0.839727025,21.87681856
729,0.816605437,0.195043932,1.65625,1.413581465,0.811623982,17.20934886
730,0.486994857,0.588856946,2.735416667,-0.422407302,0.317478826,26.98725926
